RestaurantName,Restaurant
Babasan by Uncle Kiisu,/babasan-by-uncle-kiisu
Enjoy Eating House and Bar,/enjoy-eating-house-and-bar
Wu Pao Chun,/wu-pao-chun-bakery
The Salted Plum (Circular Road),/thesaltedplumsg
Rakki Bowl,/rakki-bowl
elemen (Millenia Walk),/elemen
Pasta e Formaggio (Marina Square),/pasta-e-formaggio-marina-square
SE7ENTH,/se7enth
Good Time Eat Drink,/goodtimeeatdrink
Elixir Boutique Roasters,/elixir-boutique-roasters
Le Coq,/lecoqsg
Breko Café,/breko-cafe-holland-village
Cheeky,/cheeky_allday
YoBo,/yobo
BUNDT by The Backyard Bakers,/bundt-by-the-backyard-bakers
The Salted Plum (Suntec City),/the-salted-plum-1
Shin Minori (Katong Square),/shin-minori-katong-square
Social Place,/social-place-singapore
Fat Belly,/fat-belly
Boufe Boutique Cafe (Tanglin),/boufe-boutique-cafe
Pasta Supremo,/pastasupremosg
Moc Quan (UE Square),/moc-quan
Bacha Coffee,/bacha-coffee
JUJU (Icon Village),/juju-icon-village
Nesuto,/nesuto
Tai Cheong Bakery (Takashimaya),/tai-cheong-bakery-takashimaya
One Man Coffee (Upper Thomson),/one-man-coffee
Amber Ember,/amber-ember
The Masses,/the-masses
Tokidon,/tokidon
Chunky Lobsters (The Cathay),/chunky-lobsters-the-cathay
La Dame de Pic,/la-dame-de-pic
The Dark Gallery (Takashimaya),/the-dark-gallery-takashimaya-1
Shake Farm (Telok Ayer),/shake-farm
Biseryu Japanese Cuisines,/biseryu-japanese-cuisines
Rookery (Hong Leong Building),/rookery
The Forage Cafe,/the-forage-cafe-by-thirteen-honey
Le Binchotan,/115-amoy-street
Jekyll & Hyde,/jekyllandhyde
The Mad Sailors,/the-mad-sailors
Kei Kaisendon (Marina Square),/kei-kaisendon-marina-square
Nyonya Flavours,/nyonyaflavourssingapore
Edith Patisserie,/edith-patisserie
MediumRare by Saveur,/mediumrare-by-saveur
Tamoya Udon (Liang Court),/tamoyasanuki-udon-1
Rookery (Capital Tower),/rookery-1
Omote,/omote
Hopii,/hopii-singapore
Red Sparrow,/red-sparrow
KOOKS Creamery (Serangoon),/kooks-creamery
Good Bites,/good-bites
Tom's Palette,/toms-palette
GOGO Bento,/gogobentosg
SKAI,/skai
Godmama,/godmama
The Coffee Academics (Scotts Square),/the-coffee-academics-singapore
Tenjin,/tenjin-restaurant
Nassim Hill Bakery Bistro Bar,/nassim-hill-bakery-bistro-bar
Vatos Urban Tacos (South Beach),/vatos-urban-tacos-2
The Moment Singapore,/the-moment-singapore
Mpire,/mpire-77-amoy-street
Pasta Brava,/pasta-brava
Paddyfolks,/paddyfolks
Pixy,/pixy-bar-cuisine
Wheeler's Yard,/whelers-yard
Oriole Coffee + Bar (Somerset),/oriole-cafe-bar
CHICHA San Chen,/chicha-san-chen
Yanmi Yogurt,/yanmi-yogurt
Delibowl Express (Funan),/delibowl-express-funan
Porta,/porta-sg
The Autobus,/the-autobus
Chico Loco,/chicolocosg
Catchfly,/catchfly
Pietro Ristorante Italiano,/pietro-ristorante-italiano-by-celebrity-chef-peter-neo
Working Title - Burger Bar,/working-title
Azur (Crowne Plaza Changi Airport),/azur-restaurant
Waa Cow! (Marina One),/waa-cow-marina-one
108 Matcha Saro (Suntec City),/108-matcha-saro
Dual,/dual
Tempura Tenten,/tenten
Keong Saik Bakery,/keong-saik-bakery
Clan Cafe,/clan-cafe
The Carvery,/the-carvery
Beirut Grill,/beirut-grill
Hei Kim Cafe,/heikim-cafe
Earlybird,/earlybird
Meat-Me Steakhouse,/meat-me-steakhouse
Maxi Coffee Bar,/maxi-coffee-bar
Qi Lai Feng (Chinatown Point),/qi-lai-feng-2
Oberstrasse,/oberstrasse
Mad For Garlic,/mad-for-garlic-2
Starbucks (Wisma Atria),/starbucks-142
Dim Sum Haus,/dim-sum-haus-at-57-jln-besar
Chong Qing Grilled Fish (Mosque Street),/chong-qing-grilled-fish-1
Farmers And Chefs,/farmers-chefs
Deli's Kitchen - Japan Grill Delicacy,/delis-kitchen
Two Cranes,/two-cranes
Outback Steakhouse (Orchard Gateway),/outback-steakhouse-45
Una Una,/una-una
L'éclair Patisserie (Jewel Changi Airport),/leclair-1
Sushiro,/sushiro-singapore
Udon Komadori,/udon-komadori
An Acai Affair (DUO Galleria),/anacaiaffair-duo-galleria
Fong Sheng Hao,/fongshenghaosg
Merely Ice Cream (Sunshine Plaza),/merely-ice-cream
The Dark Gallery (Millenia Walk),/the-dark-gallery-milleniawalk
AMANO,/amano-ristorante
Columbus Coffee Co.,/columbus-coffee-co
Twenty Grammes (Bugis),/twenty-grammes
Läderach Chocolatier Suisse,/laderach-swiss-chocolatier
Hatter Street (Kovan),/hatter-street-bakehouse-cafe
Cluck Cluck,/cluck-cluck-rochor-nafa
Dink Dink Thai Street Cafe,/dink-dink-thai-street-cafe
6 Letter Coffee,/6lettercoffee
WANTON Seng's Noodle Bar,/wanton-sengs-noodle-bar
Manpei,/manpei
Kai Duck,/kai-duck
Dosirak (Suntec City),/dosirak-suntec-city
The Plain Jane,/the-plain-jane
Alley on 25,/alley-on-25
The Laneway Market,/the-laneway-market
Kei Kaisendon (Paya Lebar Square),/kei-kaisendon-1
Xiang Hao Chi,/xiang-dessert-food
Souperstar (Tanjong Pagar Centre),/souperstar-1
Merci Marcel (Palais Renaissance),/merci-marcel-orchard-road
The Armoury,/the-armoury-gastrobar
Kajiken (Square 2),/kajiken-2
The Boneless Kitchen (Tai Seng),/the-boneless-kitchen-1
Tsui Wah (The Heeren),/tsui-wah-singapore-2
Denzy Gelato,/denzy-gelato
Chunky Lobsters (Oxley Tower),/chunkylobsters
Atlas Coffeehouse,/atlas-coffeehouse
Uni Gallery by OosterBay,/uni-gallery-by-oosterbay
IZY FOOK,/izy-fook
Supply & Demand (orchardgateway),/supply-demand-orchard-gateway
Kyushu Pancake Café,/kyushu-pancake-cafe-singapore
The Communal Place,/the-communal-place
Oatberry Granola Kitchen,/oatberry-granola-kitchen
Kei Kaisendon (Square 2),/kei-kaisendon
Giardino Pizza Bar & Grill,/pizza-giardino-chimes
FIVE Izakaya Bar,/five-izakaya-bar-ccp
Ramen Champion (Bugis+),/ramen-champion
Brine,/brine-singapore
Kanpai Izakaya & Bar,/kanpai-izakaya-bar
Roots Mediterranean,/roots-mediterranean
Spicy Rock,/spicy-rock
TAP Craft Beer Bar (Raffles City),/tap-craft-beer-raffles
Fuel Plus+,/fuel-plus
Two Men Bagel House (Novena),/two-men-bagel-house-novena
Delicious Boneless Chicken Rice,/delicious-boneless-chicken-rice
The Fabulous Baker Boy,/the-fabulous-baker-boy
Bearded Bella,/beardedbella
Dosirak,/dosirak-somerset-313
The Dark Gallery (Funan),/the-dark-gallery-funan
Eleven Strands,/eleven-strands
Chunky Lobsters (VivoCity),/chunky-lobsters-vivo
The Social Space (Chinatown),/the-social-space
Dona Manis Cake Shop,/dona-manis-cake-shop
Din Tai Fung (The Centrepoint),/din-tai-fung-centrepoint
Five Spice,/five-spice
Kafe UTU,/kafe-utu
Just Dough (Suntec City),/just-dough
Han Kee Fish Soup (Amoy Street Food Centre),/han-kee-fish-soup
Maxwell Food Centre,/maxwell-food-centre
Nanyang Chicken,/nanyang-chicken
Afterwit - Mexican Taqueira,/afterwit
Olla Specialty Coffee (Sunset Way),/olla-coffee
11 Hamilton,/11hamiltonsg
RONIN,/ronin
Grids & Circles,/gridscircles
Stackz,/stackz
Lau Wang Claypot Delights (Punggol),/lau-wang-claypot-delights-punggol
Ramen Nagi (Suntec City),/ramen-nagi-singapore
Les Amis,/les-amis
Dashi Master Marusaya,/marusaya
Nayuki (Funan),/nayuki-funan
Bober Tea (Bukit Panjang Plaza),/bober-tea
Cultures Specialty Coffee,/cultures-specialty-coffee
Nanjing Impressions,/nanjing-impressions-plaza-singapura
Camaca,/camaca
Malaysia Boleh! (Jurong Point),/malaysia-boleh
The Coffee Academics (Raffles City),/the-coffee-academics-raffles-city
The Garden Slug,/the-garden-slug
KOMA Singapore,/koma-singapore
GAKE,/gake
The Carving Board,/the-carving-board-sg
Chong Qing Grilled Fish (Serangoon),/chong-qing-grilled-fish-serangoon
COMO Cuisine,/como-cuisine
Crossroads Cafe (Singapore Marriott Tang Plaza Hotel),/crossroads-cafe
Origin + Bloom,/origin-bloom
Nakhon Kitchen (VivoCity),/nakhon-kitchen-vivocity
Kok Sen Restaurant,/kok-sen-restaurant
Chirashi King Kong (Tanjong Pagar),/chirashi-king-kong
Hokkai Villa,/hokkai-villa
Moocha,/moocha
Baan Ying,/baan-ying
Souffle,/souffle
Carrara Cafe,/carrara-cafe
Teppei Japanese Restaurant,/teppei-japanese-restaurant
Rabbit Carrot Gun,/rabbit-carrot-gun
Tan Yu,/tan-yu
Ménage Café,/menage-cafe
Narrative Coffee Stand,/narrative-coffee-stand
Be Frank,/be-frank
Som Tam,/som-tam
Took Lae Dee (Funan),/took-lae-dee-6
Ajumma's (Funan),/ajummas
Whiskit Bakery & Cafe,/whiskit-patisserie
MAMA SOI,/mama-soi
Fruce,/fruce
Sarnies (Telok Ayer),/sarnies
Cook & Tras Social Library,/cook-tras-social-library
Imperial Treasure Fine Chinese Cuisine (Marina Bay Sands),/imperial-treasure-fine-chinese-cuisine
Wok in Burger (Alexandra),/wokinburger
Yummo Chow,/yummo-chow-sg
Benjamin Barker Cafe,/benjamin-barker-cafe
SONS,/sons-bacaro
Thai Tantric Restaurant,/thai-tantric
Burger+,/burgerplussg
HEYTEA (ION Orchard),/hey-tea
Antoinette (Millenia Walk),/antoinette-millenia-walk
Rooftop Bar at Screening Room,/the-screening-room
Fat Cow,/fat-cow
Come N Joy,/come-n-joy
Hvala (CHIJMES),/hvala-chijmes
Canopy Garden Dining,/canopy
Wheat Baumkuchen,/wheat-somerset
AFURI,/afurisg
A Noodle Story (Amoy Street Food Centre),/a-noodle-story
Empress,/empress
Xiao Long Kan Hotpot (Bedok),/xiaolongkan-bedok
Meatsmith (Little India),/meatsmith-little-india
JAM at SIRI HOUSE,/siri-house
4+U Bar + Kitchen,/4u-bar-kitchen
Springleaf Prata Place (JCube),/springleaf-jcube
Shin Minori (UE Square),/shin-minori-japanese-restaurant
The Clueless Goat,/the-clueless-goat
Putien (ION Orchard),/putien-ion-orchard
Firebake - Woodfired Bakehouse & Restaurant,/firebakesg
The Tree Cafe (The Cathay),/the-tree-cafe-cathay
Sweet Cheeks Gelato,/sweet-cheeks
Publico,/publicosg
Mr and Mrs Mohgan's Super Crispy Roti Prata,/mr-and-mrs-mohgans-super-crispy-roti-prata
Nimman Soi 9,/nimman-soi-9-sg
FrapasBar by Saveur (The Cathay),/saveur-at-cathay
The Feather Blade,/the-feather-blade
City Hot Pot Shabu Shabu (One Raffles Place),/city-hot-pot-at-one-raffles-place
Pickleville,/pickleville
La Pizzeria at The Bridge & Beacon Bar,/la-pizzeria-at-the-bridge-beacon-bar
Park Bench Deli,/park-bench-deli
Mellower Coffee (MSpace at Maybank),/mellower-coffee-mspace-maybank
Starbucks (Liat Towers),/starbucks-143
Sun Ray Cafe,/sun-ray-cafe
Cafe Salivation,/cafe-salivation
Honeymill,/honeymill
Stirling Steaks (Opp I12 Katong),/stirling-steaks-2
Kei Kaisendon (One Raffles Place),/kei-kaisendon-one-raffles-place
Overrun,/overrun
Nanjya Monjya Waterfront,/nanjya-monjya-waterfront
Violet Oon Singapore (Jewel Changi Airport),/violet-oon-singapore-at-jewel-changi-airport
Kipos Gourmet (Joo Chiat),/kipos-gourmet-joo-chiat
Forlino,/forlino
Yumeya,/yumeya-japanese-restaurant
City Hot Pot Shabu Shabu (Guoco Tower),/city-hot-pot-shabu-shabu-tanjong-pagar
The Good Boys,/thegoodboyscafe
Beach Road Scissors Cut Curry Rice (Jalan Besar),/beach-road-scissor-cut-curry-rice
aRoma (Arab Street),/aroma-1
Egg Stop (Paya Lebar Square),/egg-stop
Moc Cottage,/moc-cottage
The Coffee Bean & Tea Leaf (*SCAPE),/the-coffee-bean-tea-leaf-scape
Sunday Folks,/sunday-folks
Brawn & Brains Coffee (Guillemard),/brawns-brains-2
Baristart Coffee,/baristart-coffee-sg
Tea Pulse,/tea-pulse
Springleaf Prata Place (Jalan Tua Kong),/springleaf-prata-place-at-jalan-tua-kong
Courtyard Cafe & Lounge,/courtyard-cafe-1
Founder Bak Kut Teh (Bugis),/founder-bak-kut-teh-north-bridge-road
Paulaner Bruhaus Singapore,/paulaner-bruhaus
Artichoke,/artichoke-caf-bar
Hakata Ikkousha Ramen (CHIJMES),/hakata-ikkousha-ramen-at-chijmes
Cheng Mun Chee Kee Pig Organ Soup,/pig-organ-soup-jalan-besar
Tiong Bahru Bakery (Raffles City),/tiong-bahru-bakery-by-gontran-cherrier-2
IKURA Japanese (Fook Hai),/ikura-japanese
Cafe de Paris,/cafedeparissg
Madrinaa Italiano,/madrinaa-italiano
Lalune Croissant,/lalune-croissant
Trattoria Pizzeria Logic,/trattoria-pizzeria-logic-sg
Souperstar (Century Square),/souperstar-century-square
Dosirak (Downtown Gallery),/dosirak
Koh Grill & Sushi Bar,/koh-grill-sushi-bar
Omakase Burger (Picnic Food Park),/omakase-burger-wisma-atria-orchard
Winestone,/winestone
Bei-Ing Wanton Noodles,/beiing-yun-tuen-noodle
Watanabe Coffee (Isetan Scotts),/watanabe-coffee-at-isetan-scotts
Ang Moh Dumplings by The Caffeine Experience,/the-caffeine-experience
SU Korean,/su-korean-cuisine
Shukuu Izakaya & Sake Bar,/shukuu-izakaya
Mimi,/mimirestaurantsg
Casa Roma,/casa-roma
KARA Cafe & Dessert Bar,/kara-cafe-dessert-bar
Redhill Lane Block 85 Food Centre,/redhill-market-food-centre
Sideways,/sideways
Acai Beach Club,/acai-beach-club
Da Luca Italian Restaurant,/da-luca-italian-restaurant
Ha-Oh Hototogisu (Paragon),/ha-oh-hototogisu
Creamier (Toa Payoh),/creamier-ice-cream-and-coffee
Jubilicious,/jubilicious
OTTO Ristorante,/otto-ristorante-italiano
Amazing Hokkaido,/amazing-hokkaido
Unagiya Ichinoji (Suntec City),/unagiya-ichinoji-dining
Two Men Bagel House (Icon Village),/two-men-bagel-house
British Hainan (Kallang),/british-hainan
Chix Hot Chicken,/chix-hot-chicken
Kanshoku Ramen Bar (orchardgateway),/kanshoku-ramen-bar
Good Food Coffee & Bakery,/good-food-coffee-bakery
Hock Hai (Hong Lim) Curry Chicken Noodle (Bedok Interchange Hawker Centre),/hock-hai-curry-chicken-noodle
Casa Verde | Peperoni in Botanic Gardens,/casa-verde-3
Safari Cafe,/safari-cafe
Tanuki Raw (Orchard Central),/tanuki-raw
Eat 3 Bowls,/eat-3-bowls
Canton Paradise (Junction 8),/canton-paradise-bishan-junction-8
Cafe De Nicole's Flower,/nicoles-flower
Mouth Restaurant (Maxwell),/mouth-restaurant-maxwell
Power Coffeehouse,/power-coffeehouse
Chef Chik (Haig Road Market & Food Centre),/chef-chik
Shake Shack (Jewel Changi Airport),/shake-shack-singapore
Kopitiam (Changi Airport Terminal 3),/kopitiam-12
Pepper Bowl (Amoy Street Food Centre),/pepper-bowl
Pho 99 Vietnamese Delight,/pho-99-vietnamese-delight-telok-ayer-street
Jin Piao Coffeeshop,/blk-123-bedok-north-st-2-jin-piao
En Sushi,/en-sushi
Tenkaichi Japanese BBQ Restaurant (Cineleisure),/tenkaichi-yakiniku-restaurant-cineleisure
Plain Vanilla Bakery (Telok Ayer),/plain-vanilla-telok-ayer
Antea Social,/antea-social
AquaMarine (Marina Mandarin),/aquamarine
Micro Bakery & Kitchen,/micro-bakery-and-kitchen
House of Happiness,/house-of-happiness
Deutschlander,/deutschlander
Haakon Superfoods & Juice ,/haakon-superfoods-juice
Korean Fusion BBQ,/korean-fusion-bbq-buffet
Victor's Kitchen (Sunshine Plaza),/victors-kitchen-sunshine-plaza
Yin Ji,/yinji-singapore
Grapevine Cafe Bar & Restaurant,/grapevine-caf-bar-restaurant
Meet 4 Meat,/m4meast
Randy Indulgence,/randy-indulgence
Lokkee,/lokkee
McDonald's (Hougang 1),/mcdonalds-459
Waterbath Chef,/waterbath-chef
Food Republic (Wisma Atria),/food-republic-19
Shu Yan Sichuan Cuisine,/shu-yan-sichuan-restaurant
Mother Dough Bakery,/mother-dough-bakery
Wok In Burger (JCube),/wok-in-burger-jcube
The M Plot,/the-m-plot
Gelatissimo (Shaw House),/gelatissimo-3
Jia Bin Klang Bak Kut Teh,/jia-bin-klang-bak-kut-teh
McDonald's (Tiong Bahru Plaza),/mcdonaldstm-tiong-bahru-plaza
Mahota Kitchen (Century Square),/mahota-tampines
Holland Village XO Fish Head Bee Hun Restaurant (Dover),/dover-xo-fish-head-bee-hoon-1
Zion Riverside Food Centre,/zion-riverside-food-centre
Munch (Downtown Station),/munch-saladsmith-downtown
Potato Head Singapore,/potato-head-folk
Sumire Yakitori House (Bugis Junction),/sumire-yakitori-house
Coriander Leaf @ Ann Siang,/coriander-leaf-ann-siang
Chong Qing Grilled Fish (Liang Seah),/chong-qing-grilled-fish
Yogurtland,/yogurtland-singapore
NOW Bakery,/now-bakery-capitol-piazza
MOM'S TOUCH,/momstouchsg
Cheng's 27,/chengs-at-27-yong-siak-st
Societea,/societea
MASA Steak & Hamburg,/masa-steak-and-hamburg
Ghim Moh Market & Food Centre,/ghim-moh-market-food-centre
Mister Wu,/mister-wu
Hunger's Kitchen By Arome,/hungerskitchen-by-arome
My Little Tapas Bar,/my-little-tapas-bar
Geylang Claypot Rice,/geylang-claypot-rice
NOM - Bistro & Bakery,/nom-bistro-bakery
China Square Fried Fish Soup (Blanco Court),/china-square-fried-fish-soup-blanco-court
Qiji (nex),/qi-ji-nex
Tenkaichi Japanese BBQ Restaurant (Marina Square),/tenkaichi
Greendot (Bedok Mall),/greendot
Lau Wang Claypot Delights (Tampines 1),/lau-wang-claypot-delights-tampines
Brawn & Brains Coffee (East Coast),/brawn-brains-east-coast
Whale Lala Cafe,/whale-lala-cafe
Tengawa Hokkaido White Curry (Millenia Walk),/tengawa-hokkaido-white-curry
Starter Lab,/starter-lab-singapore
The Grumpy Bear (Bukit Timah Plaza),/the-grumpy-bear-bukit-timah
Crystal Jade Palace Restaurant (Ngee Ann City),/crystal-jade-palace-restaurant
Bakalaki,/bakalaki
The Whale Tea,/the-whale-tea
Alan Banana Leaves BBQ Seafood (Pasir Panjang Food Centre),/alan-banana-leaves-bbq-seafood
Lao Huo Tang (nex),/lao-huo-tang-3
Salted Caramel,/salted-caramel-artisan-ice-cream
Roast Paradise (Lau Pa Sat),/roast-paradise-lau-pa-sat
JB Garden Seafood Restaurant,/jb-garden-seafood-restaurant
85 Fengshan Centre (Bedok 85),/bedok-85-market
Blue Label Pizza & Wine (Orchard),/blue-label
Teppan Kappou Kenji,/teppan-kappou-kenji
Bengawan Solo (The Arcade),/bengawan-solo-3
Onalu,/onalu
Bentoss Hokkaido,/bentoss-hokkaido-dosanko-plaza
Juxiong Singapore (Serangoon Road),/juxiong-singapore-pte-ltd
Sushi Tei (Jem),/sushi-tei-13
Absolute Acai (Pickering St),/absolute-acai-pickering-st
IKURA Japanese (Thomson Plaza),/ikura-japanese-thomson-plaza
Revamp Kitchen & Bar,/revampkitchenbar
Chalk Farm (Paragon),/chalk-farm
Mui Kee Congee,/mui-kee-singapore
Long Black Cafe,/long-black-cafe
Scaled by Ah Hua Kelong,/scaled-by-ah-hua-kelong
Hayai,/hayai
Stirling Steaks (Opp Katong V),/stirling-steaks
Mr Stork,/mr-stork
UNO Beef House,/uno-beef-house
Eggs 'n Things (Plaza Singapura),/eggs-n-things-singapore
Pancake Boss Martabak Manis,/pancake-boss
Three Buns (The Quayside),/three-buns-sg
Yat Ka Yan,/yat-ka-yan
L32 Handmade Noodles (Geylang),/l32
Soi 47 Thai Food (King George's Avenue),/soi47
TAP Craft Beer Bar (One Raffles Link),/tap-craft-beer-bar
Wholesome Savour,/wholesome-savour
Igokochi Dining Bar,/igokochi-dining-bar
The Gut's Feeling,/the-guts-feeling
Devil Chicken (Century Square),/devil-chicken-century-square
Haig Road Market & Food Centre,/haig-road-market-cooked-food-centre
So Good Bakery (Midview City),/so-good-bakery-midview-city
HEYTEA (Clarke Quay),/heytea-clarke-quay
Burnt Ends,/burnt-ends
L'éclair Pâtisserie (Dhoby Ghaut),/l-eclair-patisserie
Ichikokudo Hokkaido Ramen ,/ichikokudo-hokkaido-ramen-1
Merci Marcel (Tiong Bahru),/merci-marcel
Kaw Kaw SG,/kaw-kaw-sg
Hvala (111 Somerset),/hvala-tripleone-somerset
Hambaobao,/hambaobao
habitat by honestbee,/habitat-by-honestbee
Mrs Pho (VivoCity),/mrs-pho-1
Matchaya (The Cathay),/matchaya-2
Sauce It,/sauce-it
Hyang To Gol Korean Restaurant (Raffles City),/hyangtogol
Latteria Mozzarella Bar,/latteria-mozzarella-bar
Little Oasis,/little-oasis
iSteamboat,/isteamboat
Leng Kee Fish Soup (Bukit Timah Market & Food Centre),/leng-kee-fish-soup
Tiong Bahru Market,/tiong-bahru-market-food-centre
Thrive by Boxgreen and An Acai Affair,/thrivesg
DON DON DONKI (Orchard Central),/don-don-donki
TONKIN Vietnamese Noodle & Coffee,/tonkin-vietnamese-noodle-coffee
Prodigal Cafe,/prodigalcafe
Pita Bakery,/pita-bakery
FATCAT Ice Cream Bar,/fatcat-ice-cream-bar
Apiary,/apiarysg
Katanashi An,/katanashi-an-1
RAF,/raf
Man Man Japanese Unagi Restaurant (Clarke Quay Central),/man-man-japanese-unagi-restaurant-clarke-quay-central
Urban Bites,/urban-bites-mediteranean-cuisine
Sin Gan Tian,/sin-gan-tian
En Ramen,/en-ramen-toh-guan
Kushikatsu Tanaka,/kushikatsu-tanaka-sg
Hansang Korean Family Restaurant (Square 2),/han-sang-korean-bbq
Burger Buddies,/burger-buddies
1001 of Arabia,/1001-of-arabia
Aroy Thai Kitchen by Aroy-Dee,/aroy-thai-kitchen-by-aroy-dee
JWS Grille Factory (Bukit Batok),/jws-grille-factory
Starbucks (South Beach Tower),/starbucks-south-beach
Danji Korean BBQ Buffet,/danji-korean-bbq-buffet
Terminal M,/terminal-m
Tonkatsu by Ma Maison (Mandarin Gallery),/tonkatsu-ma-maison
Matsuya Dining,/matsuya-sushi-bar
Moosh Softserve (Haji Lane),/moosh-softserve
Ah Loy Thai,/ah-loy-thai
ATLAS,/atlas
Pastaria Abate (Katong),/pastaria-abate-1
Little Hanoi (Telok Ayer),/little-hanoi-sg-telok-ayer
Donq,/boulangerie-donq-franaise
Ya Kun Kaya Toast (Paragon),/ya-kun-kaya-toast-paragon
Acoustic Cafe,/acoustic-cafe
Chen's Mapo Tofu (Jewel Changi Airport),/chens-mapo-tofu-five-spice-jewel-changi
Binomio,/binomio-spanish-restaurante
Paddy Hills,/paddy-hills
Chef Kang's Noodle House,/chef-kangs-noodle-house
Tease,/tease
Olivia Restaurant & Lounge,/olivia-restaurant-bar
Bober Tea (Boon Keng),/bober-tea-boon-keng
Singapore Fried Hokkien Mee (Whampoa Makan Place Block 90),/singapore-fried-hokkien-mee
NUDE Seafood,/nude-seafoodmbfc-tower-3
Haruyuki Izakaya & Bar,/haruyuki-izakaya-bar-rakuichi-playbook
Bread Yard,/bread-yard
Little Creatures,/little-creatures
OTC Cafe,/over-the-counter-cafe
KEK Keng Eng Kee Seafood (Alexandra),/keng-eng-kee-seafood
Grin Affair,/grinaffair
Heap Seng Leong Coffeeshop,/heap-seng-leong-coffeeshop
Koung's Wan Tan Mee,/koungs-wan-tan-mee
Niku Kappo,/niku-kappo
Kurasu,/kurasu
Mischief,/mischief
Teppanyaki Hamburg Nihonbashi Keisuke Bettei,/teppanyaki-hamburg-nihonbashi-keisuke-bettei
Makan House by Ollella,/makan-house-by-ollella
Boufe Boutique Cafe (Income At Raffles),/boufe-income-raffles
The Coconut Club,/the-coconut-club
The Sushi Bar (Far East Plaza),/the-sushi-bar
Doru Doru,/doru-doru
California Pizza Kitchen,/california-pizza-kitchen-sg
HOLLIN (Suntec City),/hollin-suntec
PocoLoco (Royal Square at Novena),/pocoloco-royal-square-novena
DOCO (The Dining Hall),/the-dining-hall
The Original Katong Laksa - Janggut Laksa (Roxy Square),/the-original-katong-laksa
O'ma Spoon ,/o-ma-spoon
The Pantry (Naiise Iconic),/the-pantry-naiise-iconic
Afterglow,/afterglow
Pho Street (Bedok Mall),/pho-street-bedok-mall
Nayuki (VivoCity),/nayuki
Lucca's Trattoria Singapore,/luccas-trattoria-singapore
Lantern (The Fullerton Bay Hotel),/lantern-the-fullerton-bay-hotel-singapore
Cafe by Plain Vanilla,/in-good-company
[emailÂ protected],/monzengardens
Wild Honey (South Beach),/wild-honey-south-beach
Ramen Nagi (ION Orchard),/ramen-nagi-universal-noodle
The Butcher's Wife,/the-butchers-wife
I.N.U Cafe,/inu-cafe
Wing Zone (Bugis+),/wing-zone-bugis
FOOK KIN,/fook-kin
Grain Traders (Telok Ayer),/grain-traders
Sapore Italian Restaurant,/sapore-italiano
Meatsmith (Telok Ayer),/meatsmith_sg
Birds of Paradise Gelato Boutique (East Coast Road),/birds-of-paradise-gelato-boutique
Potato Corner (Funan),/potato-corner-funan-mall
Prawnaholic (Pasir Ris Central Hawker Centre),/prawnaholic-sg
Marugame Udon & Tempura (ION Orchard),/marugame-singapore
TXA Pintxo Bar,/txapintxobar
Jiu Gong Ge Hotpot,/jiugongge
PizzaExpress (Scotts Square),/pizzaexpress-singapore
Hoshino Coffee (Plaza Singapura),/hoshino-coffee
Candour Coffee,/candour-coffee
Chalong (One Raffles Place),/chalong-sg-charcoal-grilled-meat-1
Doughnut Shack,/doughnut-shack
Pastaria Abate (Tanjong Pagar),/pastaria-abate
928 Yishun Laksa,/928-yishun-laksa
Nana's Green Tea (Plaza Singapura),/nanas-green-tea
Cherry Garden (Mandarin Oriental Singapore),/cherry-garden-mandarin-oriental
Well Dressed Salad Bar & Cafe,/well-dressed-salad-bar-and-cafe
Mrs Pho (Beach Road),/mrs-pho
Upside Down Coffee Alternatives,/upsidedown-coffee
The Tiramisu Hero,/the-tiramisu-hero
Fat Saigon Boy (Global Kitchens),/fat-saigon-boy-savourworld
Obsessive Chocolat Desire,/ocdcafesg
Homeground Coffee Roasters,/homeground-coffee-roasters
Bar Bar Black Sheep (Cluny Court),/bar-bar-black-sheep-3
The Green Ducklings,/the-green-ducklings
Wan He Lou,/wan-he-lou
Wimbly Lu (Tyrwhitt),/wimbly-lu-tyrwhitt
Wild Honey (Mandarin Gallery),/wild-honey-1
The Dragon Chamber,/the-dragon-chamber
The Grumpy Bear (Thomson Plaza),/the-grumpy-bear-cafe
Thyme (Rochester),/thymeatrochester
Duke Bakery (CityLink Mall),/duke-bakery-3
Healthy Soba IKI,/healthy-soba-iki-official
Ming Fa Fishball (Our Tampines Hub Hawker Centre),/ming-fa-fishball-noodle
Two Chefs Eating Place (Sin Ming),/two-chefs
ThaiPan Restaurant (Mandarin Gardens Condominium),/thaipan-restaurant-mandarin-garden-condominium
Kei Kaisendon (Suntec City),/kei-kaisendon-suntec-city
The Populus Coffee & Food Co.,/the-populus-coffee-food-co
Burger & Lobster (Jewel Changi Airport),/burgerandlobstersg
Hill Street Tai Hwa Pork Noodle,/hill-street-tai-hwa-pork-noodle
Alter Ego,/alter-ego
Ryo Sushi,/ryo-sushi
Meat And Green,/meat-and-green
Trattoria Nonna Lina,/trattoria-nonna-lina
Oven & Fried Chicken (Tanjong Katong),/oven-fried-chicken-2
Fat Bird (Bugis),/fat-bird
Yellow Cab Pizza Co. (CityLink Mall),/yellow-cab-pizza-co-singapore
Penang Seafood Restaurant,/penang-food-restaurant
Chong Pang Market & Food Centre,/chong-pang-market-food-centre
Little Caesars Pizza (Funan),/little-caesars-singapore
Artea,/artea-sg
Twenty Eight Cafe,/twenty-eight-cafe
Legendary Hong Kong,/legendary-hong-kong
Kenny Rogers Roasters (Jem),/kenny-rogers-roasters-jem
Misato,/misato-2
Chojiro,/chojiro-singapore
Itacho Sushi (The Star Vista),/itacho-sushi-4
TWB Pizza and Bar,/twb-pizza-bar
Knots Cafe and Living,/knots-living
Kim Dae Mun (Concorde Hotel),/kim-dae-mun-korean-food
Japanese Curry Express,/japanese-curry-express
Red Eye Smokehouse,/red-eye-smokehouse
PAUL (Paragon),/paul-the-paragon
Bedrock Bar & Grill,/bedrock-bar-grill
The Windmill Cafe and Bar,/the-windmill-cafe-and-bar
Legend (Anchorvale Community Club),/legend-at-sengkang-cc
Loloku,/loloku
Odette,/odette
Seizan Uni Ramen (Wisma Atria),/seizan-uni-ramen-picnic-wisma-atria
Common Man Coffee Roasters,/common-man-coffee-roasters
Blanco Court Kueh Chap (Holland Drive Market & Food Centre),/blanco-court-kway-chap
Strangers' Reunion,/strangers-reunion
"Asam Tree Cafe, Bakery & Restaurant",/asam-tree-cafe-bakery-restaurant
Boyle's Coffee & Love Bites,/boyles-coffee-love-bites
Maison Ikkoku,/maison-ikkoku
Kong Cafe,/kong-cafe
The Naughty Corner Gelato House,/tncgelato
Tanglin Halt Food Centre,/tanglin-halt-commonwealth-drive-food-centre-2
O.BBa Jjajang (Tanjong Pagar),/obba-jjajang
Sum Yi Tai,/sum-yi-tai
Im Thai Kitchen (Punggol),/imthaikitchen
724 Ang Mo Kio Central Market & Food Centre,/ang-mo-kio-central-market-hawker-centre
The Ramen Stall,/the-ramen-stall-1
Kopi Kia,/kopi-kia-bedok-south
Ah Ter Teochew Fishball Noodle Bar,/ah-ter-fishball-noodle-bar
Cafe Milligram,/cafe-milligram
Swee Choon Dim Sum,/swee-choon-dim-sum
Fu Xiang Treasures (Jewel Changi Airport),/fu-xiang-treasures
Starbucks (Paragon),/starbucks--paragon
DON DON DONKI (Clarke Quay Central),/don-don-donki-singapore-5
Potato Corner (JCube),/potato-corner-jcube
Chinatown Complex Market & Food Centre,/chinatown-complex-market-food-centre
Mellower Expresso (Marina One),/mellower-expresso
ENG'S Char Siew Wantan Mee (Tanjong Katong),/engs-char-siew-wantan-mee
Original Sin,/original-sin
The Muffinry/At Night by Bakery and Bar,/at-night-by-bakery-and-bar
Uggli Muffins (Toa Payoh West Market & Food Centre),/uggli-muffins
Menya Kokoro (Suntec City),/menyakokorosg
Chengdu,/chengdusg
Olla Specialty Coffee (Pickering Street),/olla-specialty-coffee-pickering-st
Knicker+Bockers (Shaw House),/knickerbockers-shaw-centre
Waa Cow! (National University of Singapore),/waa-cow
The Glass Onion Bistro and Bar,/the-glass-onion
Monga Fried Chicken,/mongasingapore
Bismillah Biryani (Little India),/bismillah-biryani
Tolido's Espresso Nook,/tolidos-espresso-nook
Lunar Coffee Brewers,/lunar-coffee-brewers
YakiBaBar,/yakibabar
the kins',/the-kins
Cuba Libre (Clarke Quay),/cuba-libre
AH LOCK & Co.,/ah-lock-co
Nani's Kitchen (International Plaza),/nanis-kitchen
Otto Berlin Haus (Toa Payoh),/otto-berlin-haus
Tonkatsu by Ma Maison (CHIJMES),/ma-maison-tonkatsu-at-chijmes-singapore
iO Italian Osteria,/italian-osteria
Yong He Eating House,/fZw8TQW3
Wonderful Bap Sang,/wonderful-bap-sang
Fasta,/fasta
Chomp Chomp Food Centre,/chomp-chomp-food-centre
Food Capital (Grand Copthorne Waterfront Hotel),/food-capital
Old School Delights (Esplanade Mall),/old-school-delights-esplanade-mall
Tsui Wah (Clarke Quay),/tsui-wah-singapore
Hillman Restaurant,/hillman-restraunt
No. 18 Zion Road Fried Kway Teow (Zion Riverside Food Centre),/no18-zion-road-fried-kway-teow
Cio Enzyme Drink (Suntec City),/ciosunteccity
Morning Grind Cafe (Raffles Place),/morning-grind-cafe
Dutch Colony Coffee Co. (Frankel Avenue),/dutch-colony-coffee-co-1
Aloha Poke (Bugis Junction),/aloha-poke-bugis-junction
Yun Nans,/yun-nans
Nylon Coffee Roasters,/nylon-coffee-roasters
Au Croissant,/au-croissant
Voyage Patisserie,/voyage-patisserie
Dumpling Darlings,/dumpling-darlings
Lam's Kitchen (Race Course Road),/lams-abalone-noodles-lavender
belle-ville Pancake Cafe (Bugis Junction),/belleville-sg
Dunkin' Donuts (Tampines),/dunkin-donuts-tampines
The Original Boat Noodle (Changi City Point),/add-the-original-boat-noodle
White Restaurant (Suntec City),/white-restaurant-2
Hosay Mee Pok (Bedok),/hosay-mee-pok-bedok
Ponggol Nasi Lemak (Upper Serangoon Road),/ponggol-nasi-lemak-centre
Tampopo (Liang Court),/tampopo-restaurant
Sinpopo Restaurant (Joo Chiat),/sinpopo-brand
Itacho Sushi (ION Orchard),/itacho-sushi
Tonkatsu by Ma Maison (Westgate),/tonkatsu-by-ma-maison-1
WOLAA Kitchen & Bar,/wolaa-kitchen-bar
HANS IM GLÜCK German Burgergrill (Orchard),/hans-im-gluck-german-burgergrill
VUE,/vuesingapore
Chef Icon Nature Bakery (I12 Katong),/chef-icon-nature-bakery-i12-katong
The Sushi Bar (Tampines 1),/the-sushi-bar-tampines-1
Sushi Jiro (Keppel Bay),/sushi-jiro-keppel-bay
Galettes,/galettes
Famous Kitchen,/the-famous-kitchen
alittle tashi,/alittle-tashi
Mei Yuen Restaurant,/mei-yuen-restaurant
A Gan Guo Kui (Funan),/agan-guokui
BAKE Cheese Tart (ION Orchard),/bake-cheese-tart-singapore
Geometry,/geometry
Munch (One Raffles Place),/munch-saladsmith-one-raffles-place
Cheek Bistro,/cheekbistro
Butler's Steakbar,/butlers-steak
Canton Paradise (Marina Bay Sands),/canton-paradise-marina-bay-sands
The Trading Floor (Carlton City Hotel Singapore),/the-trading-floor-carlton-city-hotel-singapore
Open Farm Community,/open-farm-community
Chug Chug,/chug-chug
Hong Kong Street Family Restaurant (Novena Gardens),/hong-kong-street-family-restaurant
Tamashii Robataya,/tamashii-robataya
Nasty Cookie,/nasty-cookie
Ninethirty by Awfully Chocolate (East Coast),/nine-thirty-by-awfully-chocolate
Tarte by Cheryl Koh,/tarte-by-cheryl-koh
The Pine Garden (Ang Mo Kio Avenue 10),/pine-gardens-cake
The Bread Shop,/the-bread-shop-1
Potato Corner (VivoCity),/potato-corner-vivocity
S-11 (Bishan 504),/s11-bishan
Uncle Leong Signatures (Waterway Point),/uncle-leong-seafood-3
Brio - European Street Food & Coffee,/brio-european-street-food-coffee
Bar Bar Black Sheep (Robertson Quay),/bar-bar-black-sheep-6
Ah Wang La Mian Xiao Long Bao Shang Hai Fried Dumplings (Zion Riverside Food Centre),/ah-wang-la-mian-xiao-long-bao-shang-hai-fried-dumplings
Hyang Yeon Korean Restaurant (Amoy Street),/hyang-yeon
New Ubin (Tampines),/new-ubin-tampines
Starbucks (Anchorpoint),/starbucks-545
Phoon Huat Deli,/redman-by-phoon-huat
Chef Avenue,/chef-avenue
Lim's Fried Oyster (Berseh Food Centre),/lims-fried-oyster
Asian Market Cafe (Fairmont Singapore),/asian-market-cafe-fairmont-hotel
Le Bistrot Du Sommelier,/le-bistrot-du-sommelier
Gran & Berries,/gran-berries
Beyond Pancakes (City Square Mall),/beyond-pancakes-city-square
Whisk & Paddle,/whisk-paddle
Arabica (Arab Street),/arabica-singapore-arab-street
LUKA,/luka
Stuff'd (nex),/stuffd-nex
Riders Café,/riders-cafe
Jalan Benaan Kapal Food Centre,/jalan-benaan-kapal
Spago by Wolfgang Puck,/spago-by-wolfgang-puck
Granny's Pancake (Ghim Moh Market & Food Centre),/grannys-pancake-1
Lola's Cafe,/lolas-cafe
Mr Punch Public House,/mrpunch
Xiao Long Kan Hotpot (Bugis Junction),/xiao-long-kan-hotpot-bugis-junction
The Alley Luxe (Cineleisure),/the-alley-luxe
Uncle Leong Seafood (Toa Payoh),/uncle-leong-seafood
Beyond Pancakes (Marina Square),/beyond-pancakes
Happy Chef Western Food,/happy-chef-western-food
Clinton St. Baking Co. & Restaurant Singapore,/clinton-street-baking-company-singapore
Dopa Dopa Creamery,/dopa-dopa-creamery
Basil Thai Kitchen (Paragon),/basil-thai-kitchen-1
Ah Lim Traditional Desserts,/ahlimdesserts
Zhong Guo La Mian Xiao Long Bao (Chinatown Complex Market & Food Centre),/zhong-guo-la-mian-xiao-long-bao
Roast Paradise (Old Airport Road Food Centre),/roast-paradise
Aburi-EN (Tanjong Pagar Centre),/aburi-en
Qi Xiang Chicken Pot,/qi-xiang-chicken-pot
Jiang-Nan Chun (Four Seasons Hotel Singapore),/jiangnan-chun
Wok Master (City Square Mall),/wok-master
EL CUBANOS,/el-cubanos
Sofi Cafe Pizza by Pasta Brava,/sofis-cafe-bar-by-pasta-brava
Kind Kones,/kindkonessg
YY Kafei Dian,/yy-kafei-dian
Sushi Kimura,/sushi-kimura
Hai Di Lao Hot Pot (Sun Plaza),/haidilao-singapore-10
McDonald's (Jem),/mcdonalds-at-jems
Tino's Pizza Cafe (Sentosa),/tinos-pizza-cafe
Prawn Village (Ghim Moh Market & Food Centre),/prawnvillage
49 Seats (The Centrepoint),/49-seats-4
Susan Chan Food,/susan-chan-fod
EAT. (Jurong Point),/eat-jp
Gong Cha (Takashimaya),/gong-cha-49
Creamier (Gillman Barracks),/creamier-gillman-barracks
Ichiban Boshi (VivoCity),/ichiban-boshi
I Love Taimei (Bugis Street),/i-love-taimei
UNICE,/unice-singapore
Saizeriya (Hillion Mall),/saizeriya-hillion-mall
Chocolat N' Spice (Shunfu Mart),/chocolat-n-spice
Food Village (Takashimaya),/food-village-takashimaya-foodcourt
CRAVE Nasi Lemak (Plaza Singapura),/crave-the-original-adam-rd-nasi-lemak-by-selera-rasa-4
Miki Kitchen - Oriental Cuisine,/miki-snacks-katong-shopping-centre
Omurice Keisuke,/omurice-keisuke
Sumo Big Prawn Noodle (Ang Mo Kio 628 Market & Food Centre),/sumo-big-prawn
SunnyChoice Cafe (Bukit Timah),/sunny-choice-2
Ah Ma Dessert (Tampines),/ah-ma-desserts
La Stalla,/la-stalla
Saizeriya (Holland Piazza),/saizeriya-holland-piazza
Porta Porta Italian Restaurant,/porta-porta
ANDES by Astons (Downtown East),/andes-by-astons-2
Don Signature Crab,/don-signature-crab
Food Junction (United Square),/food-junction-at-united-square
McDonald's (Tampines Mall),/mcdonaldstm-tampines-mall
Sum's Kitchen & Hong Kong Roasted Meat,/sums-kitchen-hong-kong-roasted-meat
BreadTalk (Bugis Junction),/breadtalk-40
Napoleon Food & Wine Bar,/napoleon-fod-wine-bar
Oh Deli,/oh-deli
Long Phung Vietnamese Restaurant,/long-phung-vietnamese-restaurant
Kko Kko Na Ra (Tanjong Pagar),/kko-kko-nara-korean-fried-chicken
Meat n' Chill,/meat-n-chill
Coriander Leaf,/coriander-leaf
Sanook Kitchen (Jurong Point),/sanook-kitchen-1
Cookhouse by Koufu (Waterway Point),/waterway-point
Blk 304 Serangoon Coffeeshop,/blk-304-coffeeshop
CreatureS,/creatures
Yardbird Southern Table & Bar,/yardbirdsingapore
LeVeL 33,/level-33-craftbrewery-restaurant-lounge
Ang Sa Lee Fried Oyster (Chomp Chomp Food Centre),/ang-sa-lee
Cottontail Creamery,/cottontail-creamery
Five Oars Coffee Roasters,/five-oars-coffee-roasters
Thai'd Me Up,/thaid-me-up
Kok Kee Wanton Noodle (Jalan Besar),/kok-kee-wonton-noodle
McDonald's (Waterway Point),/mcdonalds-waterway-point
Salted & Hung,/salted-and-hung
Ah Chew Desserts (Liang Seah Street),/ah-chew-desserts
Dynasty Fried Porridge,/dynasty-ipoh-seafood
Hong Kong Sheng Kee Dessert (The CentrePoint),/hong-kong-sheng-kee-dessert-11
Momma Kong's,/momma-kongs-crab-shack
Saveur (Purvis Street),/saveur
Armenian Street Wu Xiang,/armenian-street-wu-xiang
HEYTEA (Westgate),/heytea-westgate
Ordinary Burgers (City Square Mall),/ordinary-burgers
Carl's Jr. (VivoCity),/carls-junior-vivo-city
Fei Fei Roasted Noodle (Yuhua Village Market & Food Centre),/fei-fei-roastednoodle
Joo Seng Teochew Porridge,/joo-seng-teochew-porridge
Ice Fork,/ice-fork
Citrus By The Pool,/citrus-by-the-pool
Dancing Crab (VivoCity),/dancing-crab-vivo-city
Cheng Heng Kway Chap And Braised Duck Rice (Holland Drive Market & Food Centre),/cheng-heng-kway-chap-and-braised-duck-rice
Cundhi Vegetarian Restaurant,/cundhi-vegetarian-restaurant
Old Street Bak Kut Teh (Tiong Bahru Plaza),/old-street-bak-kut-teh-tiong-bharu-plaza
Watami (Junction 8),/watami-japanese-casual-restaurant-6
Raj Restaurant (Farrer Park),/raj-restaurant
Meating Place,/meating-place
Astons Steak & Salad (Marina Square),/astons-steak-salad-at-marina-square
Joo Bar,/joo-bar
Cio Enzyme Drink (Chinatown Point),/cio-enzyme-drink-chinatown-point
ENAQ Restaurant (Jurong East),/enaq-restaurant
Starbucks (Changi City Point),/starbucks-160
Adrift by David Myers,/adrift-by-david-myers-at-marina-bay-sands
Q-WA Izakaya (Beach Road),/qwa-izakaya-beach-road
Swee Kee Eating House,/kasoh-seafood-restaurant
Wimbly Lu (Jalan Riang),/wimbly-lu-chocolates
Smoof,/smoofsg
Mad About Sucre,/mad-about-sucre
Chef Kang's,/chef-kang
Gallery & Co.,/gallery-co
Yalong Bay,/yalong-bay
8 Korean BBQ (Clarke Quay Central),/8-korean-bbq
Haru,/haru-2
Stamping Ground Coffee,/stamping-ground-coffee
Gyu-Kaku (Velocity),/gyukaku-japanese-bbq-restaurant-1
Z Bar,/z-bar
ROCKU Yakiniku,/rocku-japanese-charcoal-grill
Ramen Keisuke Lobster King,/ramen-keisuke-lobster-king
The Glasshouse,/theglasshousesg
Arteastiq Bistro (Jewel Changi Airport),/arteastiq-2
Carl's Jr. (Funan),/carls-jr-32
Ramen Dining Keisuke Tokyo (Suntec City),/ramen-dining-keisuke-tokyo
Looksee Looksee,/looksee-looksee
21 Seafood,/21-seafood-kovan
Kim Keat Hokkien Mee,/kim-keat-hokkien-mee
Miss G's Grill & Bar,/miss-gs-grill-and-bar
Yokozuna Stall,/yokozuna-stall
He He Ju Kampong Chicken Rice,/he-he-ju-kampong-chicken-rice
Kim's Kuehs,/kims-kuehs
Nghee Huat Eating House,/nghee-huat-eating-house
Ya Kun Kaya Toast (Far East Plaza),/ya-kun-kaya-toast-8
Happiness Nonya Cakes And Confectionery,/happiness-nonya-cakes-and-confectionery
Soon Yan Carrot Cake,/soon-yan-carrot-cake
Beef Up,/beefupsingapore
Hong Ji Mian Shi Jia (Telok Blangah Drive Block 79 Food Centre),/hong-ji-mian-shi-jia-wanton-mee
Good Year Local Hainanese Chicken Rice Ball (Toa Payoh),/good-year-local-hainanese-chicken-rice-ball-toa-payoh
Aqua Luna (Park Hotel Alexandra),/aqua-luna-park-hotel-alexandra
Baan Khun Nai,/baan-khun-nai
25 Degrees Singapore,/25-degrees-singapore
Renku Bar & Lounge,/renku-lounge
Kopifellas (Toa Payoh),/kopifellas-1
LAVO Singapore,/lavo-singapore
McDonald's (Clifford Centre),/mcdonalds-clifford-centre
Lifestyle Cafe Bar,/lifestyle-cafe-bar
NTUC Foodfare (AMK Hub),/ntuc-foodfare-amk-hub
Killiney Kopitiam (Toa Payoh),/killiney-kopitiam-toa-payoh-branch
BreadTalk (nex),/breadtalk-toast-box-icing-room-1
Asanoya Boulangerie (Queen Street),/asanoya-bakery-singapore
Sinpopo Coffee (Funan),/sinpopo-funan
Tong Ah Eating House,/tong-ah-eating-house
Lobsters & Ice Cream v2.0,/lobstersandicecream
Kopitiam (Tan Tock Seng Hospital),/kopitiam-tan-tock-seng-hospital
Korat Thai Cafe,/korat-thai-cafe-orchard-tower
Fong Yong Tau Foo,/fong-yong-tau-foo
Dunkin' Donuts (ION Orchard),/dunkin-donuts-ion-orchard
Hvala ,/hvala-waffle-bar
SAMA Curry & Cafe (Downtown Gallery),/sama-curry-cafe-sg
Kraftwich by Swissbake (Paya Lebar Square),/kraftwich-by-swissbake
belle-ville Pancake Cafe (Square 2),/belle-ville-square-2
Ji Xiang Confectionery,/ji-xiangang-ku-kueh
Hvala (Onze),/hvala-onze
The Acai Collective,/the-acai-collective
Hi Tea (Far East Plaza),/hi-tea-singapore
Smoocht (Jurong East),/smoocht
Mala Hot Pot (Ang Mo Kio Ave 8),/mala-hot-pot-s11-ang-mo-kio
Famous Treasure,/famous-treasure
Cha Cha Cha Mexican Restaurant,/cha-cha-cha-mexican-restaurant-bar
Riverside Indonesian BBQ,/riverside-indonesian-bq
Chong Pang Nasi Lemak (Sembawang Road),/chong-pang-nasi-lemak
Truedan (CityLink Mall),/jenjudan-singapore
Wheeler's Estate,/wheelers-estate
Burger King (Marina Bay Link Mall),/burger-king-at-marina-bay-link-mall
The Good Trio (JCube),/the-good-trio-at-jcube
The Peel 1889,/the-peel-1889
Chop Chop Biryani & Meats,/chop-chop-biriyani-and-meat
Mei Xiang Black & White Fish Soup (Berseh Food Centre),/mei-xiang-black-white-fish-soup
Bukit Merah View Kway Chap (Tahoe Garden),/kway-chap-at-jurong-west-st-41
603 Tau Sar Piah,/603-tau-sar-piah
Playmade (Depot),/playmade-by
Sando,/sando
Hokkaido Sushi Restaurant,/hokkaido-sushi-restaurant
Cedele Bakery Kitchen (Waterway Point),/cedele-21
Spize (Rifle Range),/spize-at-temasek-club-rifle-range-road
Nakhon Kitchen (Kovan),/nakhon-kitchen
Forty Hands (Tiong Bahru),/forty-hands
CURATE,/art-at-curate
Lily's Wok (Amoy Street Food Centre),/lilys-wok-amoy-street-food-centre
Beerfest Brewery,/beerfest-singapore
Napshot,/napshot-cafe
Fine Dining Bakery By Akira M,/fine-dining-bakery-by-akira-m
Project Acai­ (East Coast),/project-acai-3
Green on Earth,/green-on-earth
Jin Yu Man Tang Dessert Shop,/jin-yu-man-tang-dessert
No.5 Emerald Hill Cocktail Bar,/emerald-hill-no
All Things Delicious (Arab Street),/all-things-delicious
G Chop House,/g-chop-house
Thyme (Aliwal),/thyme-aliwal
Poppy Pops (Jem),/poppy-pops
Kanshoku Ramen Bar (ION Orchard),/kanshoku-ramen-bar-ion-orchard
oblong,/oblong-maju
Le Rida (Bukit Timah),/le-rida
Xing Hua Hometown Cuisine,/xinghua-hometown-cuisine
Zai Shun Curry Fish Head,/zai-shun-curry-fish-head-seafood
boCHINche,/bochinche
Tea Valley (Tiong Bahru Plaza),/tea-valley-at-tiong-bahru-plaza
Soul ALife (Raffles Place),/soul-alife
Sunny Korean Cuisine ,/sunny-korean-at-nuh-medical-centre
Bake_Of (Amoy Street Food Centre),/bake_of-amoy-street-food-centre
Harry's (Village Hotel Changi),/harrys-village-hotel-changi
Shaburi & Kintan Buffet,/shaburi-kintan-buffet-jem
Nunsaram Korean Dessert Cafe (Westgate),/nunsaram-korean-dessert-cafe-1
Alfero Artisan Gelato (Macpherson),/alfredo-gelato
LaBrezza (The St. Regis Singapore),/la-brezza-the-st-regis
Itacho Sushi (JCube),/itacho-sushi-x-jika-udon
Congee Legend Hotpot,/congeelegend
Curious Palette,/curious-palette
Guo Fu Steamboat,/guo-fu-steamboat
Kingdom Korean BBQ,/kingdom-korean-bbq
Maki-San (Cineleisure),/makisan-7
Hyang To Gol Korean Restaurant (Amara Hotel),/hyanggogol-korean-restuarant
Soon Soon Huat Crispy Curry Puff,/soon-soon-huat-cafe
Tan Yu (Westgate),/tan-yu-westgate
Nunsaram Korean Dessert Cafe (Orchard Central),/nunsaram-korean-dessert-cafe
Madeleine's Original Portuguese Egg Tart & Puff,/madeleines-original-portuguese-egg-tart-puff
District Sushi,/district-sushi
Sungei Road Laksa,/sungei-road-laksa
Banchong Cafe,/banchong
IKURA Japanese (East Village),/ikura-japanese-east-village
Coastes,/coastes
Kream Beer,/kream-beer
Mei Heong Yuen Dessert (Bugis),/mei-heong-yuen-dessert-bugis
DePizza,/depizza
Shunfu Mart,/shunfu-mart
Ming Tang Spicy Roast Fish,/spicy-roast-fish
Shi Jian Hot Pot (JCube),/shi-jian-hot-pot-jcube
Lor 9 Beef Kway Teow,/geylang-lorong-9-beef-kway-teow
Brown Sugar,/brown-sugar
The Roti Prata House,/the-roti-prata-house
Al-Azhar Eating Restaurant (Bukit Timah),/alazhar-eating-restaurant
Heng Huat Fried Kway Tiao (Pasir Panjang Food Centre),/heng-huat-fried-kway-tiao
Ah Lim Jln Tua Kong Mee Pok (Joo Chiat),/ah-lim-jalan-tua-kong-mee-pok
Kebabs Faktory,/kebabs-faktory
The Salad Shop (Raffles Place),/the-salad-shop
Ya Kun Family Cafe (HDB Hub),/yakun-hdb-hub-toa-payoh
Tiger Sugar (Paragon),/tiger-sugar-2
Toast Box (Westgate),/toast-box-at-westgate
SMÖÖbar (Prinsep),/smoobar
Stuff'd (City Square Mall),/stuffd
Food Junction (Great World City),/foodcourt-great-world-city
Makai Poke,/makai-poke
Lau Pa Sat (Telok Ayer Market),/lau-pa-sat-festival-market
7th Heaven KTV & Cafe,/7thheavenktvandcafe
Cedele Bakery Cafe (Raffles City),/cedele-at-raffles-city
Maki-San (I12 Katong),/makisan-i12-katong
A Gan Guo Kui (Plaza Singapura),/aganguokui-plaza-singapura
Bistro du Vin,/bistro-du-vin
Wolf Burgers (Funan),/wolf-burger-funan
Danger Close Beverage Co. (Alexandra Village Food Centre),/danger-close-alexandra-village-food-centre
Meta Restaurant,/meta
Smöoy (Downtown Gallery),/smooy
Native,/native
Poppy Pops (The Star Vista),/poppy-pops-star-vista
Queensway Lau Tan Tutu Kueh (ChinaTown Point),/queensway-lau-tan-tutu-kueh
Kazo,/kazo-singapore
Kumoya,/kumoya-singapore
Drunken Farmer,/drunken-farmer
Chin Lee Restaurant,/chin-lee-restaurant
"Irodori Japanese Restaurant (Four Points by Sheraton Singapore, Riverview)",/irodori-japanese-restaurant
Penang Kitchen (Far East Plaza),/penang-kitchen-far-east-plaza
PocoLoco (Upper Thomson),/pocoloco-restaurant
Daburu (Pasir Ris Central Hawker Centre),/daburu-sg
CHICHA San Chen (Jem),/chichasanchensingapore-jem
Echizen,/echizen
Hawker Chan (Chinatown),/hawker-chan
8 Korean BBQ (Shaw Centre),/8-korean-bbq-shaw-centre
South Buona Vista Road Famous Teochew Boneless Duck Rice,/south-buona-vista-road-famous-teochew-boneless-duck
Canvas Gelato,/canvas-gelato
Huggs Coffee (18 Tai Seng),/huggs-coffee-at-18-tai-seng
Marcello,/marcello
Kingyo Izakaya,/kingyo-izakaya-1
Lao Huo Tang (Raffles City),/soup-master-2
Tiew Mai Thai Boat Noodle,/tiew-mai-thai-boat-noodles
Petit Pain,/petit-pain
Cold Stone Creamery (VivoCity),/cold-stone-creamery-18
Happy Hawkers (Bedok North),/happy-hawker
Gokoku Japanese Bakery,/gokoku-japanese-bakery
Lee's Confectionery,/lees-confectionery
Harry's (Holland Village),/harrys-bar-at-holland-village
Black Fairy Coffee,/blackfairycoffeesg
Mitzo,/mitzo
5 Star Corner Western Food,/5-star-corner-western-food
HolyCrab,/holycrab
Brotherbird Milk & Croissants (CT Hub 2),/brotherbird-milk-croissants
Tiong Hoe Specialty Coffee (Queenstown),/tiong-hoe-specialty-coffee
SMÖÖbar (Holland Village),/smoobar-holland-village
Tokyo Milk Cheese Factory (Jewel Changi Airport),/tokyo-milk-cheese-factory-jewel-changi-airport
Akimitsu (Westgate),/shitamachi-tendon-akimitsu-4
Rollie Olie (The Star Vista),/rollie-olie
Wan Xing Mala Xiang Guo,/pr-oq_OX
Foodcoholic,/foodcoholic
White Restaurant (Sun Plaza),/white-restaurant-sun-plaza
MooTeow Chilli Beef Kway Teow,/mooteow
A Poke Theory (Telok Ayer),/a-poke-theory
Fried Baby Squid Prawn Mee,/yong-heng-fried-baby-squid-prawn-mee
Lady M (Orchard Central),/lady-m-at-orchard-central
Hong Ji Claypot Bak Kut Teh (Marsiling),/hong-ji-claypot-bak-kut-teh
FarmAppetit,/farmappetit
Gyoza no Ohsho,/gyoza-no-ohsho-singapore
Wildseed (The Summerhouse),/wildseed
Konjiki Hototogisu (CHIJMES),/konjiki-hototogisu
Marche Mövenpick (Suntec City),/marche-movenpick-suntec-city
Jin Biao Coffeeshop (Potong Pasir),/jin-biao-coffeeshop-potong-pasir
Capitol Milk Bar,/capitol-milk-bar
Frieda,/frieda-restaurant
BIZEN Okayama Wagyu Steakhouse (Funan),/bizen-okayama-wagyu-steakhouse-1
Wildseed Cafe (The Alkaff Mansion),/wildseed-cafe-at-the-alkaff-mansion
Birds of a Feather,/birds-of-a-feather-sg
The Big Cheese,/the-big-cheese
Kith (Millenia Walk),/kith-at-millenia-walk
Sawadee Thai Cuisine,/sawadee-thai-cuisine
Butcher Boy,/butcher-boy-by-cure
Just Because Creamery,/just-because-creamery
ToriYard,/toriyard
ZIGGY'S Karaoke and Cocktail Bar,/ziggys
Swensen's (nex),/swensens-32
Chateraise (nex),/chateraise-3
Inspirit House,/inspirit-house
Ho Yun (Hong Kong) Tim Sum,/ho-yun-hong-kong-tim-sum
Waa Cow! Sushi Bar,/waa-cow-sushi-bar
Boston Seafood Shack (Tampines Mall),/boston-seafood-shack-1
Rong Hua Bak Kut Teh (Marina Square),/ronghua-marina-square
Sushi Express (CityLink Mall),/sushi-express
Medzs Bistro & Bar (Clifford Centre),/medzs-bistro-bar-at-clifford-centre
CUT by Wolfgang Puck,/cut-by-wolfgang-puck
Saap Saap Thai (Our Tampines Hub),/saap-saap-thai-at-tampines-hub
Big Fish Small Fish (Tampines Mall),/big-fish-small-fish-2
JB Ah Meng,/jb-ahmeng
Xing Fu Tang (Compass One),/xing-fu-tang-compass-one
Yu Cun Claypot Curry Fish Head,/MVCAWEPO
Hong Ji Claypot Bak Kut Teh (Ang Mo Kio),/hong-ji-bak-kut-teh
Privé Grill (The University Club),/prive-at-shaw-foundation-alumni-house-nus
Penang Delights (S-11 Ang Mo Kio Avenue 8),/penang-prawn-mee
Victor Famous Fried Chicken Wing Rice (Veerasamy Road),/victor-famous-fried-chicken-wing-rice-veerasamy-road
The 1872 Clipper Tea Co.,/the-1872-clipper-tea-co
Okada Coffee & Sweets,/okada-coffee-sweets
Food Opera (ION Orchard),/food-opera-ion-orchard
Tamago-EN,/tamago-en
Tong Luo Wan Charcoal Roast,/tong-luo-wan
GoroGoro Steamboat & Korean Buffet (The Centrepoint),/gorogoro-steamboat-korean-buffet
Shirakaba Sansou,/shirakaba-sansou
15 Stamford by Alvin Leung,/15-stamford
Hainan Fried Hokkien Prawn Mee (Golden Mile Food Centre),/2RflyYEv
Kam's Roast (Jewel Changi Airport),/kamsroast-jewel
GRUB (Bishan),/grub
umisushi ,/umi-sushi-5
FOC PIM PAM,/foc-pim-pam
Lavender (Jewel Changi Airport),/lavender-jewel-changi-airport
Paradise Classic (Jewel Changi Airport),/paradise-classic-1
Chinatown Tan's Tutu Kueh (nex),/chinatown-tans-tutu-coconut-cake-nex
OldTown White Coffee (Suntec City),/old-town-white-coffee-suntec
Ah Hua Teochew Fishball Noodle,/ahhuaeatinghouse
The Coffee Bean & Tea Leaf (Jem),/the-coffee-bean-tea-leaf-at-jem
Le Shrimp Ramen (VivoCity),/le-shrimp-ramen-vivocity
Decker Barbecue,/decker-barbecue
Fan Ji Bittergourd Fish Soup (Hong Lim Market & Food Centre),/fan-ji-bittergourd-soup-stall
Guiga Korean BBQ Restaurant,/guiga-korean-bq-134-tanjong-pagar-road
King's Laksa Steamboat,/kings-laksa-steamboat
Thai Seng Fish Soup,/tai-seng-fish-soup
Ginger (PARKROYAL on Beach Road),/ginger-parkroyal
Dohkie,/dohkie
Blu Kouzina,/blu-kouzina
Swee Guan Hokkien Mee,/swee-guan-hokkein-mee-kwong-satay
Tian Tian Lai Fried Hokkien Mee (Toa Payoh West Market & Food Centre),/tian-tian-lai-fried-hokkien-mee
Guan's Mee Pok (VivoCity),/guans-mee-pok
Nam Sing Hokkien Fried Mee (Old Airport Road Food Centre),/nam-sing-hokkien-fried-mee-hougang
Geylang Lorong 29 Charcoal Fried Hokkien Mee,/geylang-lorong-29-fried-hokkien-mee
Parklane Zha Yun Tun Mee House,/parklane-zha-yun-tun-mee-house
Fei Fei Wan Tan Mee (Joo Chiat),/fei-fei-wanton-mee
Wursthans Switzerland,/wursthans-switzerland
Kaunta,/kaunta
33 Vegetarian Food (Teck Ghee Square Market & Food Centre),/33-vegetarian-food
Moosh Softserve (Our Tampines Hub),/moosh-softserve-our-tampines-hub
VeganBurg (Eunos),/veganburg-1
Nishiki Tako (ION Orchard),/nishiki-tako
Eighteen Chefs (Downtown East),/eighteen-chefs-9
Nyonya Chendol (Old Airport Road Food Centre),/nyonya-chendol
Original Jln Tua Kong 132 Mee Pok (Sixth Avenue),/original-jalan-tua-kong-132-mee-pok
BAOBAO,/baobao
Albert Centre Market & Food Centre,/albert-centre-market-food-centre-queen-street-market
Traditional Wanton Noodle (Albert Centre Market & Food Centre),/traditional-wanton-noodle-albert-centre
Dulcet & Studio (Liang Court),/dulcet-studio
Hanuman Thai Cuisine,/hanumanthaicuisine
Le Xiao Chu,/4amEsLLM
La Cala,/la-cala
The Bravery Cafe,/the-bravery
Kyoaji Japanese Dining,/kyoaji-japanese-dining
Three Meals A Day (Beauty World),/three-meals-a-day
Bear Tea,/bear-tea
taan,/taan
Moose Yogurt,/moose-yogurt
Ming's Prawn Noodle (Alexandra Village Food Centre),/mings-prawn-noodle
The Black Sheep Cafe,/the-black-sheep-cafe
Tanjong Beach Club,/tanjong-beach-club
Ya Kun Family Cafe (West Mall),/ya-kun-kaya-toast-at-westmall
The Bakery Chef,/the-bakery-chef
Tea Chapter,/tea-chapter
YEOGI KOREAN RESTAURANT & BAR,/yeogi
545 Whampoa Prawn Noodle (Whampoa Makan Place Block 91),/545-whampoa-prawn-noodle
HOLLIN (Toa Payoh),/hollin-singapore
Reunion BBQ,/reunion-bbq
JiangHu Hotpot,/jianghu-hotpot
Wee Nam Kee Chicken Rice (United Square),/wee-nam-kee-hainanese-chicken-rice-restaurant
SPRMRKT (STPI),/sprmrkt-kitchen-bar
Sheng Yi Fa Lor Mee,/sheng-yi-fa-lor-mee
Soon Lee Porridge (Clementi 448 Market & Food Centre),/soon-lee-porridge
Xin Peng La Mian Xiao Long Bao (Clementi),/xin-peng-la-mian-xiao-long-bao
Cheng Hoo Thian Restaurant,/chenghoothian
Maison Kayser (Scotts Square),/maison-kayser
Azmi Restaurant,/azmi-chappati-thye-chong-restaurant
White Restaurant (Jewel Changi Airport),/white-restaurant-1
13 Stages (Tanjong Pagar Centre),/13stages-1
Relish by Wild Rocket (Frasers Tower),/relish-frasers
McDonald's (Hougang 8),/mcdonalds-317
LICKERS,/lickers
Taikoo Lane Hotpot,/taikoolane
Four Seasons Durians Restaurant,/four-seasons-durians-restaurant
Shi Miao Dao Yunnan Rice Noodle,/shi-miao-dao-yunnan-rice-noodle
9 Plus Cafe,/9-plus-cafe
Marche Mövenpick (Jem),/march-mvenpick
Try Fresh XO Seafood Noodles,/try-fresh-xo-seafood-noodles-singapore
Collin's Grille Bento (Marina Square),/collins-grille-bento-11
Three's a Crowd,/threesacrowdcafe
Jones the Grocer (TripleOne Somerset),/jones-the-grocer-tripleone
Ginza Tendon Itsuki (Tanjong Pagar),/ginza-tendon-itsuki
Southbridge,/southbridge
Jollibee (Paya Lebar Square),/jollibee-paya-lebar-square
Venchi (Marina Bay Sands),/venchi-3
OverEasy (Orchard),/overeasy-orchard
Seoul Yummy (SingPost Centre),/seoul-yummy-2
Platform M by MOF,/platform-m-by-mof
Mongkok Dim Sum (Katong),/mongkok-kitchen
Selamat Datang Warong Pak Sapari (Adam Road Food Centre),/warong-pak-sapari-mee-soto-mee-rebus
The Refinery,/the-refinery-1
Brotzeit (Raffles City),/brotzeit-german-bier-bar-restaurant-6
Fatboy's The Burger Bar (Upper Thomson),/fatboys-the-burger-bar-upper-thomson
Nakajima Suisan Grilled Fish,/nakajima-suisan-grilled-fish
Poulet (Raffles City),/poulet-at-raffles-city
The Queen & Mangosteen,/the-queen-mangosteen
The Stamford Brasserie,/the-stamford-brasserie
MuYoo (Raffles City),/muyoo
Suki-Ya (I12 Katong),/sukiya
