Categories,Places,Locations,No. of reviews
Burpple Guides,One Man Coffee (Upper Thomson),Thomson,678 Reviews
Burpple Guides,Hatter Street (Kovan),Kovan,290 Reviews
Burpple Guides,Mad For Garlic,Promenade,259 Reviews
Burpple Guides,Strangers' Reunion,Outram Park,1122 Reviews
Burpple Guides,Wheeler's Yard,Balestier,572 Reviews
Burpple Guides,Creamier (Toa Payoh),Toa Payoh,691 Reviews
Burpple Guides,Jekyll & Hyde,Tanjong Pagar,87 Reviews
Burpple Guides,Wild Honey (Mandarin Gallery),Somerset,558 Reviews
Burpple Guides,Koh Grill & Sushi Bar,Orchard,782 Reviews
Burpple Guides,Seng Kee Black Chicken Herbal Soup (Kembangan),Kembangan,277 Reviews
Burpple Guides,Sunday Folks,Holland,970 Reviews
Burpple Guides,Common Man Coffee Roasters,Robertson Quay,661 Reviews
Burpple Guides,Sin Ming Roti Prata (Faisal & Aziz Curry Muslim Food),Thomson,77 Reviews
Burpple Guides,Coastes,Sentosa,92 Reviews
Burpple Guides,Oriole Coffee + Bar (Somerset),Somerset,806 Reviews
Burpple Guides,Two Chefs Eating Place (Commonwealth),Holland,208 Reviews
Burpple Guides,Sarnies (Telok Ayer),Telok Ayer,460 Reviews
Burpple Guides,The Lokal,Outram Park,883 Reviews
Burpple Guides,Zai Shun Curry Fish Head,Jurong East,123 Reviews
Burpple Guides,Tiong Hoe Specialty Coffee (Queenstown),Queenstown,95 Reviews
Burpple Guides,The Fabulous Baker Boy,City Hall,433 Reviews
Burpple Guides,Kok Sen Restaurant,Outram Park,249 Reviews
Burpple Guides,Anti:dote (Fairmont Singapore),City Hall,209 Reviews
Burpple Guides,ABC Brickworks Market & Food Centre,Bukit Merah,381 Reviews
Burpple Guides,Shukuu Izakaya & Sake Bar,Tanjong Pagar,240 Reviews
Burpple Guides,Potato Head Singapore,Outram Park,332 Reviews
Burpple Guides,Maxwell Food Centre,Tanjong Pagar,432 Reviews
Burpple Guides,Lolla,Tanjong Pagar,260 Reviews
Burpple Guides,Carpenter And Cook,Lorong Kilat,477 Reviews
Burpple Guides,Lowercase,Rochor,116 Reviews
Burpple Guides,Thai Gold Food,Bras Basah,79 Reviews
Burpple Guides,A Noodle Story (Amoy Street Food Centre),Tanjong Pagar,197 Reviews
Burpple Guides,Munch (Downtown Station),Raffles Place,16 Reviews
Burpple Guides,Kim Dae Mun (Concorde Hotel),Somerset,135 Reviews
Burpple Guides,BoCHINche,Amoy Street,338 Reviews
Burpple Guides,Artichoke,Bras Basah,556 Reviews
Burpple Guides,Hong Lim Market & Food Centre,Chinatown,331 Reviews
Burpple Guides,Ah Chiang's Porridge (Tiong Bahru),Tiong Bahru,105 Reviews
Burpple Guides,The Bravery Cafe,Lavender,379 Reviews
Burpple Guides,The Tastemaker Store,Tiong Bahru,128 Reviews
Burpple Guides,Aoki,Orchard,121 Reviews
Burpple Guides,Les Amis,Orchard,238 Reviews
Burpple Guides,La Nonna (Holland Village),Holland,190 Reviews
Burpple Guides,Penny University,Marine Parade,476 Reviews
Burpple Guides,The Pine Garden (Ang Mo Kio Avenue 10),Ang Mo Kio,97 Reviews
Burpple Guides,Bismillah Biryani (Little India),Little India,23 Reviews
Burpple Guides,Salted Caramel,Thomson,284 Reviews
Burpple Guides,Craftsmen Specialty Coffee (Siglap),Marine Parade,271 Reviews
Burpple Guides,GRUB (Bishan),Ang Mo Kio,555 Reviews
Burpple Guides,Chye Seng Huat Hardware,Jalan Besar,963 Reviews
Burpple Guides,Alt. Pizza (Suntec City),City Hall,104 Reviews
Burpple Guides,Old Habits Boutique & Cafe,Telok Blangah,54 Reviews
Burpple Guides,Ramen Santouka (Clarke Quay Central),Clarke Quay,185 Reviews
Burpple Guides,The White Rabbit,Dempsey,186 Reviews
Burpple Guides,The Coastal Settlement,Changi,525 Reviews
Burpple Guides,PARK,Holland,321 Reviews
Burpple Guides,Mr And Mrs Mohgan's Super Crispy Roti Prata,Joo Chiat,117 Reviews
Burpple Guides,Chinatown Complex Market & Food Centre,Chinatown,642 Reviews
Burpple Guides,Marutama Ra-men (Liang Court),Clarke Quay,154 Reviews
Burpple Guides,Butter Studio (Jalan Besar),Little India,139 Reviews
Burpple Guides,Lola's Cafe,Kovan,818 Reviews
Burpple Guides,Miharu,Millenia Walk,129 Reviews
Burpple Guides,JB Ah Meng,Geylang,242 Reviews
Burpple Guides,Bitters & Love,Telok Ayer,50 Reviews
Burpple Guides,Relish By Wild Rocket (Bukit Timah),Bukit Timah,132 Reviews
Burpple Guides,VeganBurg (Eunos),Eunos,135 Reviews
Burpple Guides,JAAN By Kirk Westaway,City Hall,328 Reviews
Burpple Guides,Kim's Family Food (Lorong Kilat),Lorong Kilat,110 Reviews
Burpple Guides,Candlenut,Dempsey,201 Reviews
Burpple Guides,Hawker Chan (Chinatown Complex Market & Food Centre),Chinatown,62 Reviews
Burpple Guides,Swee Choon Dim Sum,Little India,718 Reviews
Burpple Guides,KEK Keng Eng Kee Seafood (Alexandra),Alexandra,334 Reviews
Burpple Guides,Tiong Bahru Bakery (Tiong Bahru),Tiong Bahru,559 Reviews
Burpple Guides,Bincho At Hua Bee,Tiong Bahru,182 Reviews
Burpple Guides,Amoy Street Food Centre,Tanjong Pagar,311 Reviews
Burpple Guides,Maki-San (The Cathay),Dhoby Ghaut,191 Reviews
Burpple Guides,Nylon Coffee Roasters,Outram Park,177 Reviews
Burpple Guides,Saint Pierre,Raffles Place,121 Reviews
Burpple Guides,Ramen Bar Suzuki (Circular Road),Raffles Place,65 Reviews
Burpple Guides,Char (Jalan Besar),Farrer Park,251 Reviews
Burpple Guides,Tiong Bahru Market,Tiong Bahru,536 Reviews
Burpple Guides,Tatsuya,Newton,119 Reviews
Burpple Guides,Cacio E Pepe Cucina Italiana,Bukit Batok,66 Reviews
Burpple Guides,Symmetry,Bugis,930 Reviews
Burpple Guides,Miam Miam (Bugis Junction),Bugis,472 Reviews
Burpple Guides,Sofra Turkish Cafe & Restaurant,Beach Road,38 Reviews
Burpple Guides,Peperoni Pizzeria (Greenwood),Bukit Timah,181 Reviews
Burpple Guides,Brewerkz (Riverside Point),Clarke Quay,78 Reviews
Burpple Guides,Skyve Wine Bistro,Newton,263 Reviews
Burpple Guides,Choupinette,Bukit Timah,149 Reviews
Burpple Guides,Jimmy Monkey Café & Bar,Buona Vista,219 Reviews
Burpple Guides,Old Airport Road Food Centre,Old Airport Road,771 Reviews
Burpple Guides,Ban Leong Wah Hoe Seafood,Ang Mo Kio,121 Reviews
Burpple Guides,My Awesome Cafe,Tanjong Pagar,154 Reviews
Burpple Guides,Flock Café (Tiong Bahru),Tiong Bahru,229 Reviews
Burpple Guides,Ciel Pâtisserie (Hougang),Kovan,113 Reviews
Burpple Guides,Toby's Estate,Robertson Quay,481 Reviews
Burpple Guides,Siang Hee Seafood (Serangoon Garden Market),Serangoon,43 Reviews
Burpple Guides,Serangoon Garden Market,Serangoon,161 Reviews
Burpple Guides,Yong He Eating House 永和豆浆油条大王,Geylang,75 Reviews
Burpple Guides,Group Therapy (Katong V),Marine Parade,182 Reviews
Burpple Guides,Lynn's Cakes & Coffee,Upper Bukit Timah,66 Reviews
Burpple Guides,All Things Delicious (Arab Street),Bugis,74 Reviews
Burpple Guides,Shrove Tuesday,Toa Payoh,193 Reviews
Burpple Guides,D'Good Café (Holland Village),Holland,656 Reviews
Burpple Guides,L'Atelier Tiramisu,Clarke Quay,129 Reviews
Burpple Guides,Victor's Kitchen (Sunshine Plaza),Bras Basah,318 Reviews
Burpple Guides,Yong Kee Seafood,Little India,49 Reviews
Burpple Guides,Smoocht (Sin Ming),Thomson,72 Reviews
Burpple Guides,The Bakery Chef,Bukit Merah,240 Reviews
Burpple Guides,RONIN,Clarke Quay,565 Reviews
Burpple Guides,I Am... (Haji Lane),Bugis,317 Reviews
Burpple Guides,Pince & Pints (Duxton),Tanjong Pagar,294 Reviews
Burpple Guides,Il Cielo,Orchard,44 Reviews
Burpple Guides,Db Bistro & Oyster Bar,Marina Bay,244 Reviews
Burpple Guides,Drury Lane,Tanjong Pagar,335 Reviews
Burpple Guides,Y.R.A North Indian Pakistani Food (ABC Brickworks Market & Food Centre),Bukit Merah,7 Reviews
Burpple Guides,Bumbu Restaurant (Bugis),Bugis,18 Reviews
Burpple Guides,Cake Spade,Tanjong Pagar,497 Reviews
Burpple Guides,Tampopo (Liang Court),Clarke Quay,208 Reviews
